{
    "cyclic_block_size" : 16,
    "processing_unit" : "cpu",
    "std_evp_solver_type" : "lapack",
    "gen_evp_solver_type" : "lapack",
    
    "xc_functionals" : ["XC_LDA_X", "XC_LDA_C_PW"],

    "aw_cutoff" : 7.0,
    "pw_cutoff" : 16.00,
    
    "energy_tol" : 1e-8,
    
    "smearing_width" : 0.001,
    
    "lmax_apw" : 8,
    "lmax_pot" : 8,
    "lmax_rho" : 8,
    
    "num_dft_iter" : 20,
    
    "ngridk" : [2, 2, 2],
    
    "auto_rmt" : 1,
    "num_mag_dims" : 1,
    
    "use_symmetry": 1,

    "unit_cell" : {
        "lattice_vectors" : [
            [21.367889, 0.0, 0.0],
            [0.0, 21.367889, 0.0],
            [0.0, 0.0, 21.367889]
        ],
        "atom_types" : [
            "Mn",
            "As",
            "Ga"
        ],
        "atom_files" : {
            "Mn" : "Mn.json",
            "As" : "As.json",
            "Ga" : "Ga.json"
        },
        "atoms" : {
            "Mn" : [
                [0.0, 0.0, 0.0, 0, 0, 2]
            ],
            "As" : [
                [0.1250, 0.1250, 0.1250],
                [0.1250, 0.1250, 0.6250],
                [0.1250, 0.6250, 0.1250],
                [0.1250, 0.6250, 0.6250],
                [0.6250, 0.1250, 0.1250],
                [0.6250, 0.1250, 0.6250],
                [0.6250, 0.6250, 0.1250],
                [0.6250, 0.6250, 0.6250],
                [0.1250, 0.3750, 0.3750],
                [0.1250, 0.3750, 0.8750],
                [0.1250, 0.8750, 0.3750],
                [0.1250, 0.8750, 0.8750],
                [0.6250, 0.3750, 0.3750],
                [0.6250, 0.3750, 0.8750],
                [0.6250, 0.8750, 0.3750],
                [0.6250, 0.8750, 0.8750],
                [0.3750, 0.1250, 0.3750],
                [0.3750, 0.1250, 0.8750],
                [0.3750, 0.6250, 0.3750],
                [0.3750, 0.6250, 0.8750],
                [0.8750, 0.1250, 0.3750],
                [0.8750, 0.1250, 0.8750],
                [0.8750, 0.6250, 0.3750],
                [0.8750, 0.6250, 0.8750],
                [0.3750, 0.3750, 0.1250],
                [0.3750, 0.3750, 0.6250],
                [0.3750, 0.8750, 0.1250],
                [0.3750, 0.8750, 0.6250],
                [0.8750, 0.3750, 0.1250],
                [0.8750, 0.3750, 0.6250],
                [0.8750, 0.8750, 0.1250],
                [0.8750, 0.8750, 0.6250]
            ],
            "Ga" : [
                [0.0, 0.0, 0.50],
                [0.0, 0.50, 0.0],
                [0.0, 0.50, 0.50],
                [0.50, 0.0, 0.0],
                [0.50, 0.0, 0.50],
                [0.50, 0.50, 0.0],
                [0.50, 0.50, 0.50],
                [0.0, 0.250, 0.250],
                [0.0, 0.250, 0.750],
                [0.0, 0.750, 0.250],
                [0.0, 0.750, 0.750],
                [0.50, 0.250, 0.250],
                [0.50, 0.250, 0.750],
                [0.50, 0.750, 0.250],
                [0.50, 0.750, 0.750],
                [0.250, 0.0, 0.250],
                [0.250, 0.0, 0.750],
                [0.250, 0.50, 0.250],
                [0.250, 0.50, 0.750],
                [0.750, 0.0, 0.250],
                [0.750, 0.0, 0.750],
                [0.750, 0.50, 0.250],
                [0.750, 0.50, 0.750],
                [0.250, 0.250, 0.0],
                [0.250, 0.250, 0.50],
                [0.250, 0.750, 0.0],
                [0.250, 0.750, 0.50],
                [0.750, 0.250, 0.0],
                [0.750, 0.250, 0.50],
                [0.750, 0.750, 0.0],
                [0.750, 0.750, 0.50]
            ]
        }
    }
}
