{
    "comm_world_size": 16,
    "counters": {
        "band_evp_work_count": 1842.4165858917158,
        "local_operator_num_applied": 68697
    },
    "git_hash": "bd9c25826fc7686322d87d14f5327d6de251b8f3",
    "ground_state": {
        "aw_cutoff": 0.0,
        "band_gap": 0.019237601551873595,
        "chemical_formula": "Si511Ge",
        "converged": true,
        "core_leakage": 0.0,
        "efermi": 0.22813143443656234,
        "energy": {
            "bxc": 0.0,
            "core_eval_sum": 0.0,
            "enuc": 0.0,
            "eval_sum": 63.5622894413259,
            "ewald": -2174.439482399397,
            "exc": -1129.544079457529,
            "kin": 1245.000165203946,
            "total": -2566.780186184499,
            "veff": -1181.43787576262,
            "vha": 406.2484664513696,
            "vloc": -710.921022757197,
            "vxc": -876.7653194567858
        },
        "etot_history": [-2582.780444771891,-2585.4927103867185,-2560.5406850499894,-2567.784876324511,-2565.978370669808,-2566.753485644411,-2567.147837891741,-2566.8541111950826,-2566.9195860393675,-2566.9691917981113,-2566.783384478134,-2566.812305548793,-2566.7509503388537,-2566.7755313184757,-2566.772588062769,-2566.7782779803347,-2566.7800294535728,-2566.7812410497645,-2566.7797030051534,-2566.78018454768,-2566.7800798250137,-2566.7791851557204,-2566.7812272947376,-2566.7801140055585,-2566.7801831416455,-2566.7801678758733,-2566.7801853955407,-2566.780187944598,-2566.7801864259645,-2566.780186184499],
        "fft_coarse_grid": [180,180,180],
        "fft_grid": [324,324,324],
        "mpi_grid": [4,4],
        "num_atoms": 512,
        "num_bands": 1234,
        "num_fv_states": -1,
        "num_scf_iterations": 29,
        "omega": 69174.18053649079,
        "pw_cutoff": 24.5,
        "rms_history": [0.006194901565960411,0.003291607576728021,0.0007943936580770711,0.0006352496743032784,0.0009658896264065035,0.0004289933936117824,0.00014996452787938562,8.524154715112854e-05,7.308851147551415e-05,4.158950386012576e-05,2.1728862780319623e-05,1.0417416970784601e-05,2.4892937772632512e-05,6.384231708223025e-06,7.802978484281422e-06,2.31483657275766e-06,7.440560954927268e-07,3.810141582395283e-07,2.3683445232275652e-07,6.661849824414849e-08,4.1534565596268894e-08,2.9318840580282345e-08,8.881169088680066e-07,5.789275827893076e-08,2.0675940996920417e-08,1.529177690171872e-08,4.9548033211494644e-09,2.3120605213751404e-09,5.666733368518489e-10,3.2191093842844305e-10],
        "scf_time": 206.633247111
    },
    "task": 0,
    "threads_per_rank": 12,
    "timers": null
}