{
    "cyclic_block_size" : 32,
    "processing_unit" : "cpu",
    "std_evp_solver_type" : "scalapack",
    "gen_evp_solver_type" : "scalapack",

    "num_fv_states" : 192,

    "electronic_structure_method" : "ultrasoft_pseudopotential",

    "iterative_solver" : {
        "tolerance" : 1e-5,
        "extra_tolerance" : 1,
        "num_steps" : 5,
        "subspace_size" : 5,
        "version" : 1
    },

    "xc_functionals" : ["XC_LDA_X", "XC_LDA_C_PZ"],
    
    "gk_cutoff" : 6.4,
    "pw_cutoff" : 17.4,
    
    "energy_tol" : 1e-8,
    
    "num_dft_iter" : 2,
    
    "mpi_grid_dims" : [8, 2, 2],
    
    "ngridk" : [2, 2, 2],

    "mixer" : {
        "beta" : 0.95,
        "gamma" : 0.5,
        "type" : "broyden",
        "max_history" : 8
    },

    "unit_cell" : {
        "lattice_vectors" : [
            [20.525071, 0.0, 0.0],
            [0.0, 20.525071, 0.0],
            [0.0, 0.0, 20.525071]
        ],
        "atom_types" : [
            "Si", "Ge"
        ],
        "atom_files" : {
            "Si" : "si_lda_v1.uspp.F.UPF.json",
            "Ge" : "ge_lda_v1.uspp.F.UPF.json"
        },
        "atoms" : {
            "Ge" : [
                [0, 0, 0]
            ],
            "Si" : [
                [0.0, 0.0, 0.50],
                [0.0, 0.50, 0.0],
                [0.0, 0.50, 0.50],
                [0.50, 0.0, 0.0],
                [0.50, 0.0, 0.50],
                [0.50, 0.50, 0.0],
                [0.50, 0.50, 0.50],
                [0.0, 0.250, 0.250],
                [0.0, 0.250, 0.750],
                [0.0, 0.750, 0.250],
                [0.0, 0.750, 0.750],
                [0.50, 0.250, 0.250],
                [0.50, 0.250, 0.750],
                [0.50, 0.750, 0.250],
                [0.50, 0.750, 0.750],
                [0.250, 0.0, 0.250],
                [0.250, 0.0, 0.750],
                [0.250, 0.50, 0.250],
                [0.250, 0.50, 0.750],
                [0.750, 0.0, 0.250],
                [0.750, 0.0, 0.750],
                [0.750, 0.50, 0.250],
                [0.750, 0.50, 0.750],
                [0.250, 0.250, 0.0],
                [0.250, 0.250, 0.50],
                [0.250, 0.750, 0.0],
                [0.250, 0.750, 0.50],
                [0.750, 0.250, 0.0],
                [0.750, 0.250, 0.50],
                [0.750, 0.750, 0.0],
                [0.750, 0.750, 0.50],
                [0.3750, 0.3750, 0.1250],
                [0.3750, 0.3750, 0.6250],
                [0.3750, 0.8750, 0.1250],
                [0.3750, 0.8750, 0.6250],
                [0.8750, 0.3750, 0.1250],
                [0.8750, 0.3750, 0.6250],
                [0.8750, 0.8750, 0.1250],
                [0.8750, 0.8750, 0.6250],
                [0.3750, 0.1250, 0.3750],
                [0.3750, 0.1250, 0.8750],
                [0.3750, 0.6250, 0.3750],
                [0.3750, 0.6250, 0.8750],
                [0.8750, 0.1250, 0.3750],
                [0.8750, 0.1250, 0.8750],
                [0.8750, 0.6250, 0.3750],
                [0.8750, 0.6250, 0.8750],
                [0.1250, 0.3750, 0.3750],
                [0.1250, 0.3750, 0.8750],
                [0.1250, 0.8750, 0.3750],
                [0.1250, 0.8750, 0.8750],
                [0.6250, 0.3750, 0.3750],
                [0.6250, 0.3750, 0.8750],
                [0.6250, 0.8750, 0.3750],
                [0.6250, 0.8750, 0.8750],
                [0.1250, 0.1250, 0.1250],
                [0.1250, 0.1250, 0.6250],
                [0.1250, 0.6250, 0.1250],
                [0.1250, 0.6250, 0.6250],
                [0.6250, 0.1250, 0.1250],
                [0.6250, 0.1250, 0.6250],
                [0.6250, 0.6250, 0.1250],
                [0.6250, 0.6250, 0.6250]
            ]
        }
    }
}
